StudentID,Name,Age,Grade,Email
1,Aarav,9,4,aarav1@gmail.com
2,Diya,11,5,diya2@gmail.com
3,Rohan,12,6,rohan3@gmail.com
4,Sneha,10,5,sneha4@gmail.com
5,Kabir,13,7,kabir5@gmail.com
6,Anaya,8,3,anaya6@gmail.com
7,Arjun,11,5,arjun7@gmail.com
8,Isha,14,8,isha8@gmail.com
9,Meera,10,5,meera9@gmail.com
10,Vihaan,12,6,vihaan10@gmail.com
11,Aditi,9,4,aditi11@gmail.com
12,Raj,11,5,raj12@gmail.com
13,Pooja,12,6,pooja13@gmail.com
14,Sameer,13,7,sameer14@gmail.com
15,Kavya,10,5,kavya15@gmail.com
16,Om,8,3,om16@gmail.com
17,Riya,11,5,riya17@gmail.com
18,Aditya,14,8,aditya18@gmail.com
19,Neha,10,5,neha19@gmail.com
20,Karan,12,6,karan20@gmail.com
21,Sahil,9,4,sahil21@gmail.com
22,Tanvi,11,5,tanvi22@gmail.com
23,Aman,12,6,aman23@gmail.com
24,Simran,13,7,simran24@gmail.com
25,Rahul,10,5,rahul25@gmail.com
26,Krishna,8,3,krishna26@gmail.com
27,Priya,11,5,priya27@gmail.com
28,Dev,14,8,dev28@gmail.com
29,Ankit,10,5,ankit29@gmail.com
30,Nisha,12,6,nisha30@gmail.com
31,Rakesh,9,4,rakesh31@gmail.com
32,Shreya,11,5,shreya32@gmail.com
33,Vikas,12,6,vikas33@gmail.com
34,Divya,13,7,divya34@gmail.com
35,Ajay,10,5,ajay35@gmail.com
36,Ritu,8,3,ritu36@gmail.com
37,Manish,11,5,manish37@gmail.com
38,Seema,14,8,seema38@gmail.com
39,Rohit,10,5,rohit39@gmail.com
40,Payal,12,6,payal40@gmail.com
41,Nikhil,9,4,nikhil41@gmail.com
42,Pallavi,11,5,pallavi42@gmail.com
43,Akash,12,6,akash43@gmail.com
44,Komal,13,7,komal44@gmail.com
45,Sandeep,10,5,sandeep45@gmail.com
46,Kajal,8,3,kajal46@gmail.com
47,Yash,11,5,yash47@gmail.com
48,Swati,14,8,swati48@gmail.com
49,Varun,10,5,varun49@gmail.com
50,Monika,12,6,monika50@gmail.com
51,Deepak,9,4,deepak51@gmail.com
52,Anjali,11,5,anjali52@gmail.com
53,Harsh,12,6,harsh53@gmail.com
54,Maya,13,7,maya54@gmail.com
55,Pratik,10,5,pratik55@gmail.com
56,Sonali,8,3,sonali56@gmail.com
57,Gaurav,11,5,gaurav57@gmail.com
58,Priti,14,8,priti58@gmail.com
59,Vinay,10,5,vinay59@gmail.com
60,Rashmi,12,6,rashmi60@gmail.com
61,Arnav,9,4,arnav61@gmail.com
62,Kirti,11,5,kirti62@gmail.com
63,Mohit,12,6,mohit63@gmail.com
64,Anu,13,7,anu64@gmail.com
65,Suraj,10,5,suraj65@gmail.com
66,Rekha,8,3,rekha66@gmail.com
67,Tejas,11,5,tejas67@gmail.com
68,Sheetal,14,8,sheetal68@gmail.com
69,Parth,10,5,parth69@gmail.com
70,Rupali,12,6,rupali70@gmail.com
71,Chirag,9,4,chirag71@gmail.com
72,Lata,11,5,lata72@gmail.com
73,Sagar,12,6,sagar73@gmail.com
74,Megha,13,7,megha74@gmail.com
75,Kunal,10,5,kunal75@gmail.com
76,Alka,8,3,alka76@gmail.com
77,Pranav,11,5,pranav77@gmail.com
78,Deepa,14,8,deepa78@gmail.com
79,Ritesh,10,5,ritesh79@gmail.com
80,Sonia,12,6,sonia80@gmail.com
81,Harshita,9,4,harshita81@gmail.com
82,Anmol,11,5,anmol82@gmail.com
83,Tushar,12,6,tushar83@gmail.com
84,Vaishali,13,7,vaishali84@gmail.com
85,Rajesh,10,5,rajesh85@gmail.com
86,Pinky,8,3,pinky86@gmail.com
87,Abhishek,11,5,abhishek87@gmail.com
88,Shilpa,14,8,shilpa88@gmail.com
89,Mayur,10,5,mayur89@gmail.com
90,Reshma,12,6,reshma90@gmail.com
91,Aryan,9,4,aryan91@gmail.com
92,Kriti,11,5,kriti92@gmail.com
93,Naveen,12,6,naveen93@gmail.com
94,Muskan,13,7,muskan94@gmail.com
95,Jay,10,5,jay95@gmail.com
96,Rani,8,3,rani96@gmail.com
97,Parag,11,5,parag97@gmail.com
98,Shruti,14,8,shruti98@gmail.com
99,Akshay,10,5,akshay99@gmail.com
100,Radha,12,6,radha100@gmail.com